#itr,#feature,lrate,regSocial,regBias,regPostv,regNegtv,regUser,regItem,RMSE(R),BPTOPT(S),RMSE(T),Prec[5],Prec[10],Recl[5],Recl[10]
1,10,0.009,0.03,0.01,0.001,0.05,4,-4,0.765051547633158,-44950.298099526,1.6146164727257
2,10,0.009,0.03,0.01,0.00100016938478665,0.0499999583834565,3.80918478243781,-4.14698925334423,0.956210780806636,-44557.5992726059,1.62871890099897
3,10,0.009,0.03,0.01,0.00100044903455765,0.0499998408497521,3.63330911988178,-4.26664858903779,0.954297437153107,-44290.2160882748,1.30025882797526
