#itr,#feature,lrate,regSocial,regBias,regPostv,regNegtv,regUser,regItem,RMSE,Prec[5],Prec[10],Recl[5],Recl[10]
1,10,0.001,0.7,0.77,0.015,0.019,0.0177525614326996,0.0217770029624888,2.22877424803487,0.00032017075773746,0.00032017075773746,0.000167708492148193,0.000456751537327845
